label,precision,recall,f1,support
0,0.9112290162651127,0.919853896674042,0.9155211437460129,56946
1,0.9012887743311706,0.9458446040481299,0.9230293100309485,53605
2,0.9155235661259757,0.920162854496846,0.9178373479276327,57229
3,0.7087058212058212,0.7860663534430576,0.7453842264223143,34693
4,0.9981971362202268,0.9996007291033765,0.9988984396006627,57605
5,0.9405155189808312,0.828206110859492,0.8807951313949073,57406
6,0.830434715274659,0.9308405374440163,0.8777756860947642,57606
7,0.8707651199425711,0.7580460368711592,0.810505312978516,57606
